005b53cc-41fc-4ae8-b99c-c60af1d2f345,FLAIR_REG.nii,"(180, 256, 256)","(1.0, 1.0, 1.0)"
005b53cc-41fc-4ae8-b99c-c60af1d2f345,T2.nii,"(180, 256, 256)","(1.0, 1.0, 1.0)"
005b53cc-41fc-4ae8-b99c-c60af1d2f345,T1_REG.nii,"(180, 256, 256)","(1.0, 1.0, 1.0)"
05504cea-3c8c-49cd-ab2e-7e116236395b,FLAIR_REG.nii,"(180, 256, 256)","(1.0, 1.0, 1.0)"
05504cea-3c8c-49cd-ab2e-7e116236395b,T2.nii,"(180, 256, 256)","(1.0, 1.0, 1.0)"
05504cea-3c8c-49cd-ab2e-7e116236395b,T1_REG.nii,"(180, 256, 256)","(1.0, 1.0, 1.0)"
06118c90-1e9f-489b-91b3-403abfc3fccd,FLAIR_REG.nii,"(180, 256, 256)","(1.0, 1.0, 1.0)"
06118c90-1e9f-489b-91b3-403abfc3fccd,T2.nii,"(180, 256, 256)","(1.0, 1.0, 1.0)"
06118c90-1e9f-489b-91b3-403abfc3fccd,T1_REG.nii,"(180, 256, 256)","(1.0, 1.0, 1.0)"
06c57921-e1be-4005-9cb1-46732dad295b,FLAIR_REG.nii,"(180, 256, 256)","(1.0, 1.0, 1.0)"
06c57921-e1be-4005-9cb1-46732dad295b,T2.nii,"(180, 256, 256)","(1.0, 1.0, 1.0)"
06c57921-e1be-4005-9cb1-46732dad295b,T1_REG.nii,"(180, 256, 256)","(1.0, 1.0, 1.0)"
077325ec-af84-47d0-8cae-16abc4fa7cbd,FLAIR_REG.nii,"(192, 256, 256)","(1.0, 1.0, 1.0)"
077325ec-af84-47d0-8cae-16abc4fa7cbd,T2.nii,"(192, 256, 256)","(1.0, 1.0, 1.0)"
077325ec-af84-47d0-8cae-16abc4fa7cbd,T1_REG.nii,"(192, 256, 256)","(1.0, 1.0, 1.0)"
0825d8e6-db27-4802-b848-3e408cbf38ba,0825d8_wmh_rater2.nii,"(176, 256, 256)","(1.0, 1.0, 1.0)"
0825d8e6-db27-4802-b848-3e408cbf38ba,0825d8_wmh_rater2v2.nii,"(176, 256, 256)","(1.0, 1.0, 1.0)"
0825d8e6-db27-4802-b848-3e408cbf38ba,FLAIR.nii,"(176, 256, 256)","(1.0, 1.0, 1.0)"
0825d8e6-db27-4802-b848-3e408cbf38ba,T2_REG.nii,"(176, 256, 256)","(1.0, 1.0, 1.0)"
0825d8e6-db27-4802-b848-3e408cbf38ba,T1_REG.nii,"(176, 256, 256)","(1.0, 1.0, 1.0)"
0890c3c4-13bf-487e-a3c7-51dea7188a22,FLAIR_REG.nii,"(180, 256, 256)","(1.0, 1.0, 1.0)"
0890c3c4-13bf-487e-a3c7-51dea7188a22,T2.nii,"(180, 256, 256)","(1.0, 1.0, 1.0)"
0890c3c4-13bf-487e-a3c7-51dea7188a22,T1_REG.nii,"(180, 256, 256)","(1.0, 1.0, 1.0)"
0a3a5d79-a26c-4aea-99f4-892751d2baa7,0a3a5d_wmh_rater1.nii,"(176, 256, 256)","(1.0, 1.0, 1.0)"
0a3a5d79-a26c-4aea-99f4-892751d2baa7,FLAIR.nii,"(176, 256, 256)","(1.0, 1.0, 1.0)"
0a3a5d79-a26c-4aea-99f4-892751d2baa7,T2_REG.nii,"(176, 256, 256)","(1.0, 1.0, 1.0)"
0a3a5d79-a26c-4aea-99f4-892751d2baa7,T1_REG.nii,"(176, 256, 256)","(1.0, 1.0, 1.0)"
0e50c53a-dd01-4cc7-a2a6-fd200b9908ba,FLAIR_REG.nii,"(192, 256, 256)","(1.0, 1.0, 1.0)"
0e50c53a-dd01-4cc7-a2a6-fd200b9908ba,T2.nii,"(192, 256, 256)","(1.0, 1.0, 1.0)"
0e50c53a-dd01-4cc7-a2a6-fd200b9908ba,T1_REG.nii,"(192, 256, 256)","(1.0, 1.0, 1.0)"
0eb72541-95e6-4b5b-8308-7d430535013b,0eb725_wmh_rater1.nii,"(176, 256, 256)","(1.0, 1.0, 1.0)"
0eb72541-95e6-4b5b-8308-7d430535013b,FLAIR.nii,"(176, 256, 256)","(1.0, 1.0, 1.0)"
0eb72541-95e6-4b5b-8308-7d430535013b,T2_REG.nii,"(176, 256, 256)","(1.0, 1.0, 1.0)"
0eb72541-95e6-4b5b-8308-7d430535013b,T1_REG.nii,"(176, 256, 256)","(1.0, 1.0, 1.0)"
0ed755fb-51f2-41d4-bf47-4cb8352da2de,FLAIR_REG.nii,"(180, 256, 256)","(1.0, 1.0, 1.0)"
0ed755fb-51f2-41d4-bf47-4cb8352da2de,T2.nii,"(180, 256, 256)","(1.0, 1.0, 1.0)"
0ed755fb-51f2-41d4-bf47-4cb8352da2de,T1_REG.nii,"(180, 256, 256)","(1.0, 1.0, 1.0)"
127176f6-fd97-45cc-82f1-75272d6d392d,127176_wmh_rater2v2.nii,"(176, 256, 256)","(1.0, 1.0, 1.0)"
127176f6-fd97-45cc-82f1-75272d6d392d,FLAIR.nii,"(176, 256, 256)","(1.0, 1.0, 1.0)"
127176f6-fd97-45cc-82f1-75272d6d392d,127176_wmh_rater2.nii,"(176, 256, 256)","(1.0, 1.0, 1.0)"
127176f6-fd97-45cc-82f1-75272d6d392d,T2_REG.nii,"(176, 256, 256)","(1.0, 1.0, 1.0)"
127176f6-fd97-45cc-82f1-75272d6d392d,T1_REG.nii,"(176, 256, 256)","(1.0, 1.0, 1.0)"
12a7e36e-acc8-4a1a-95e0-762a5da7f5f0,FLAIR_REG.nii,"(180, 256, 256)","(1.0, 1.0, 1.0)"
12a7e36e-acc8-4a1a-95e0-762a5da7f5f0,T2.nii,"(180, 256, 256)","(1.0, 1.0, 1.0)"
12a7e36e-acc8-4a1a-95e0-762a5da7f5f0,T1_REG.nii,"(180, 256, 256)","(1.0, 1.0, 1.0)"
14c82a86-3625-4b27-b88a-1e3d41c7f2f6,FLAIR_REG.nii,"(180, 256, 256)","(1.0, 1.0, 1.0)"
14c82a86-3625-4b27-b88a-1e3d41c7f2f6,T2.nii,"(180, 256, 256)","(1.0, 1.0, 1.0)"
14c82a86-3625-4b27-b88a-1e3d41c7f2f6,T1_REG.nii,"(180, 256, 256)","(1.0, 1.0, 1.0)"
18978ce2-7faa-46e6-9ab6-36e931712365,18978c_wmh_rater1.nii,"(176, 256, 256)","(1.0, 1.0, 1.0)"
18978ce2-7faa-46e6-9ab6-36e931712365,FLAIR.nii,"(176, 256, 256)","(1.0, 1.0, 1.0)"
18978ce2-7faa-46e6-9ab6-36e931712365,T2_REG.nii,"(176, 256, 256)","(1.0, 1.0, 1.0)"
18978ce2-7faa-46e6-9ab6-36e931712365,T1_REG.nii,"(176, 256, 256)","(1.0, 1.0, 1.0)"
18d79a20-e3ce-475b-b094-ac14a736c1cb,FLAIR_REG.nii,"(180, 256, 256)","(1.0, 1.0, 1.0)"
18d79a20-e3ce-475b-b094-ac14a736c1cb,T2.nii,"(180, 256, 256)","(1.0, 1.0, 1.0)"
18d79a20-e3ce-475b-b094-ac14a736c1cb,T1_REG.nii,"(180, 256, 256)","(1.0, 1.0, 1.0)"
1a58bd21-e7e9-48b3-bea6-969a30a25d72,1a58bd_wmh_rater1.nii,"(176, 256, 256)","(1.0, 1.0, 1.0)"
1a58bd21-e7e9-48b3-bea6-969a30a25d72,FLAIR.nii,"(176, 256, 256)","(1.0, 1.0, 1.0)"
1a58bd21-e7e9-48b3-bea6-969a30a25d72,T2_REG.nii,"(176, 256, 256)","(1.0, 1.0, 1.0)"
1a58bd21-e7e9-48b3-bea6-969a30a25d72,T1_REG.nii,"(176, 256, 256)","(1.0, 1.0, 1.0)"
1b337ffb-297a-4ce9-b015-a3025c3699ec,1b337f_wmh_rater1.nii,"(176, 256, 256)","(1.0, 1.0, 1.0)"
1b337ffb-297a-4ce9-b015-a3025c3699ec,FLAIR.nii,"(176, 256, 256)","(1.0, 1.0, 1.0)"
1b337ffb-297a-4ce9-b015-a3025c3699ec,T2_REG.nii,"(176, 256, 256)","(1.0, 1.0, 1.0)"
1b337ffb-297a-4ce9-b015-a3025c3699ec,T1_REG.nii,"(176, 256, 256)","(1.0, 1.0, 1.0)"
1ca3a723-d981-4bbd-ae97-3f1f03ce5f0e,T1.nii,"(180, 256, 256)","(1.0, 1.0, 1.0)"
1ca3a723-d981-4bbd-ae97-3f1f03ce5f0e,FLAIR_REG.nii,"(180, 256, 256)","(1.0, 1.0, 1.0)"
1ca3a723-d981-4bbd-ae97-3f1f03ce5f0e,T2_REG.nii,"(180, 256, 256)","(1.0, 1.0, 1.0)"
1ca3ec26-fcc4-4a38-bc59-31874c1e11b1,T1.nii,"(180, 256, 256)","(1.0, 1.0, 1.0)"
1ca3ec26-fcc4-4a38-bc59-31874c1e11b1,FLAIR_REG.nii,"(180, 256, 256)","(1.0, 1.0, 1.0)"
1ca3ec26-fcc4-4a38-bc59-31874c1e11b1,T2_REG.nii,"(180, 256, 256)","(1.0, 1.0, 1.0)"
1ce5cbe5-3631-4d34-ac9b-55c1823404e1,FLAIR_REG.nii,"(180, 256, 256)","(1.0, 1.0, 1.0)"
1ce5cbe5-3631-4d34-ac9b-55c1823404e1,T2.nii,"(180, 256, 256)","(1.0, 1.0, 1.0)"
1ce5cbe5-3631-4d34-ac9b-55c1823404e1,T1_REG.nii,"(180, 256, 256)","(1.0, 1.0, 1.0)"
1ea8a5e1-d465-42f7-86e6-2ba90d4fc2cd,FLAIR_REG.nii,"(180, 256, 256)","(1.0, 1.0, 1.0)"
1ea8a5e1-d465-42f7-86e6-2ba90d4fc2cd,T2.nii,"(180, 256, 256)","(1.0, 1.0, 1.0)"
1ea8a5e1-d465-42f7-86e6-2ba90d4fc2cd,T1_REG.nii,"(180, 256, 256)","(1.0, 1.0, 1.0)"
1f012631-c95a-4ecb-9eaf-f658dd3a413f,FLAIR_REG.nii,"(180, 256, 256)","(1.0, 1.0, 1.0)"
1f012631-c95a-4ecb-9eaf-f658dd3a413f,T2.nii,"(180, 256, 256)","(1.0, 1.0, 1.0)"
1f012631-c95a-4ecb-9eaf-f658dd3a413f,T1_REG.nii,"(180, 256, 256)","(1.0, 1.0, 1.0)"
23043056-34bf-45e4-8845-210fa4769619,230430_wmh_rater1.nii,"(176, 256, 256)","(1.0, 1.0, 1.0)"
23043056-34bf-45e4-8845-210fa4769619,FLAIR.nii,"(176, 256, 256)","(1.0, 1.0, 1.0)"
23043056-34bf-45e4-8845-210fa4769619,T2_REG.nii,"(176, 256, 256)","(1.0, 1.0, 1.0)"
23043056-34bf-45e4-8845-210fa4769619,T1_REG.nii,"(176, 256, 256)","(1.0, 1.0, 1.0)"
2818559d-5d67-49fc-bab5-5b41dc26adfb,281855_wmh_rater1.nii,"(176, 256, 256)","(1.0, 1.0, 1.0)"
2818559d-5d67-49fc-bab5-5b41dc26adfb,FLAIR.nii,"(176, 256, 256)","(1.0, 1.0, 1.0)"
2818559d-5d67-49fc-bab5-5b41dc26adfb,T2_REG.nii,"(176, 256, 256)","(1.0, 1.0, 1.0)"
2818559d-5d67-49fc-bab5-5b41dc26adfb,T1_REG.nii,"(176, 256, 256)","(1.0, 1.0, 1.0)"
2af4f0cb-0a41-4934-8f11-f8cd7e857bb4,FLAIR.nii,"(176, 256, 256)","(1.0, 1.0, 1.0)"
2af4f0cb-0a41-4934-8f11-f8cd7e857bb4,2af4f0_wmh_rater1.nii,"(176, 256, 256)","(1.0, 1.0, 1.0)"
2af4f0cb-0a41-4934-8f11-f8cd7e857bb4,T2_REG.nii,"(176, 256, 256)","(1.0, 1.0, 1.0)"
2af4f0cb-0a41-4934-8f11-f8cd7e857bb4,T1_REG.nii,"(176, 256, 256)","(1.0, 1.0, 1.0)"
2d53223e-915c-4f2d-aad1-cdad8ea55f01,2d5322_wmh_rater1.nii,"(176, 256, 256)","(1.0, 1.0, 1.0)"
2d53223e-915c-4f2d-aad1-cdad8ea55f01,FLAIR.nii,"(176, 256, 256)","(1.0, 1.0, 1.0)"
2d53223e-915c-4f2d-aad1-cdad8ea55f01,T2_REG.nii,"(176, 256, 256)","(1.0, 1.0, 1.0)"
2d53223e-915c-4f2d-aad1-cdad8ea55f01,T1_REG.nii,"(176, 256, 256)","(1.0, 1.0, 1.0)"
32e72e88-9ddd-4556-bbe2-b186299434d3,FLAIR.nii,"(176, 256, 256)","(1.0, 1.0, 1.0)"
32e72e88-9ddd-4556-bbe2-b186299434d3,T2_REG.nii,"(176, 256, 256)","(1.0, 1.0, 1.0)"
32e72e88-9ddd-4556-bbe2-b186299434d3,T1_REG.nii,"(176, 256, 256)","(1.0, 1.0, 1.0)"
32e72e88-9ddd-4556-bbe2-b186299434d3,32e72e_wmh_rater1.nii,"(176, 256, 256)","(1.0, 1.0, 1.0)"
3668e0e8-2d53-488a-b8d0-0c791ac21ad6,3668e0_wmh_rater1.nii,"(176, 256, 256)","(1.0, 1.0, 1.0)"
3668e0e8-2d53-488a-b8d0-0c791ac21ad6,FLAIR.nii,"(176, 256, 256)","(1.0, 1.0, 1.0)"
3668e0e8-2d53-488a-b8d0-0c791ac21ad6,T2_REG.nii,"(176, 256, 256)","(1.0, 1.0, 1.0)"
3668e0e8-2d53-488a-b8d0-0c791ac21ad6,T1_REG.nii,"(176, 256, 256)","(1.0, 1.0, 1.0)"
3708f75e-4436-435e-9c08-c4cfa30b02e2,T1.nii,"(180, 256, 256)","(1.0, 1.0, 1.0)"
3708f75e-4436-435e-9c08-c4cfa30b02e2,FLAIR_REG.nii,"(180, 256, 256)","(1.0, 1.0, 1.0)"
3708f75e-4436-435e-9c08-c4cfa30b02e2,T2_REG.nii,"(180, 256, 256)","(1.0, 1.0, 1.0)"
37e1d6a3-a26e-4ec0-b2e9-73c585b54364,37e1d6_wmh_rater1.nii,"(176, 256, 256)","(1.0, 1.0, 1.0)"
37e1d6a3-a26e-4ec0-b2e9-73c585b54364,FLAIR.nii,"(176, 256, 256)","(1.0, 1.0, 1.0)"
37e1d6a3-a26e-4ec0-b2e9-73c585b54364,T2_REG.nii,"(176, 256, 256)","(1.0, 1.0, 1.0)"
37e1d6a3-a26e-4ec0-b2e9-73c585b54364,T1_REG.nii,"(176, 256, 256)","(1.0, 1.0, 1.0)"
405481cd-daf2-4a8f-9389-51e0ba4dffed,FLAIR.nii,"(176, 256, 256)","(1.0, 1.0, 1.0)"
405481cd-daf2-4a8f-9389-51e0ba4dffed,T2_REG.nii,"(176, 256, 256)","(1.0, 1.0, 1.0)"
405481cd-daf2-4a8f-9389-51e0ba4dffed,T1_REG.nii,"(176, 256, 256)","(1.0, 1.0, 1.0)"
405481cd-daf2-4a8f-9389-51e0ba4dffed,405481_wmh_rater1.nii,"(176, 256, 256)","(1.0, 1.0, 1.0)"
415be587-65ee-4144-b31b-7ae043dcadc7,415be5_wmh_rater1.nii,"(176, 256, 256)","(1.0, 1.0, 1.0)"
415be587-65ee-4144-b31b-7ae043dcadc7,FLAIR.nii,"(176, 256, 256)","(1.0, 1.0, 1.0)"
415be587-65ee-4144-b31b-7ae043dcadc7,T2_REG.nii,"(176, 256, 256)","(1.0, 1.0, 1.0)"
415be587-65ee-4144-b31b-7ae043dcadc7,T1_REG.nii,"(176, 256, 256)","(1.0, 1.0, 1.0)"
44c8a73f-8d37-4681-b53e-7d7670452433,44c8a7_wmh_rater1.nii,"(176, 256, 256)","(1.0, 1.0, 1.0)"
44c8a73f-8d37-4681-b53e-7d7670452433,FLAIR.nii,"(176, 256, 256)","(1.0, 1.0, 1.0)"
44c8a73f-8d37-4681-b53e-7d7670452433,T2_REG.nii,"(176, 256, 256)","(1.0, 1.0, 1.0)"
44c8a73f-8d37-4681-b53e-7d7670452433,T1_REG.nii,"(176, 256, 256)","(1.0, 1.0, 1.0)"
4b48e5fa-89c7-4301-a651-da4427beae5b,4b48e5_wmh_rater1.nii,"(176, 256, 256)","(1.0, 1.0, 1.0)"
4b48e5fa-89c7-4301-a651-da4427beae5b,FLAIR.nii,"(176, 256, 256)","(1.0, 1.0, 1.0)"
4b48e5fa-89c7-4301-a651-da4427beae5b,T2_REG.nii,"(176, 256, 256)","(1.0, 1.0, 1.0)"
4b48e5fa-89c7-4301-a651-da4427beae5b,T1_REG.nii,"(176, 256, 256)","(1.0, 1.0, 1.0)"
4d903686-98ee-422c-a990-a5eb4efe26bf,FLAIR.nii,"(176, 256, 256)","(1.0, 1.0, 1.0)"
4d903686-98ee-422c-a990-a5eb4efe26bf,4d9036_wmh_rater1.nii,"(176, 256, 256)","(1.0, 1.0, 1.0)"
4d903686-98ee-422c-a990-a5eb4efe26bf,T2_REG.nii,"(176, 256, 256)","(1.0, 1.0, 1.0)"
4d903686-98ee-422c-a990-a5eb4efe26bf,T1_REG.nii,"(176, 256, 256)","(1.0, 1.0, 1.0)"
4e2b8fdb-7c94-4e24-96ad-f83c20478c32,T1.nii,"(180, 256, 256)","(1.0, 1.0, 1.0)"
4e2b8fdb-7c94-4e24-96ad-f83c20478c32,FLAIR_REG.nii,"(180, 256, 256)","(1.0, 1.0, 1.0)"
4e2b8fdb-7c94-4e24-96ad-f83c20478c32,T2_REG.nii,"(180, 256, 256)","(1.0, 1.0, 1.0)"
4e86068a-eb31-4762-b15f-c5c581192450,T1.nii,"(180, 256, 256)","(1.0, 1.0, 1.0)"
4e86068a-eb31-4762-b15f-c5c581192450,FLAIR_REG.nii,"(180, 256, 256)","(1.0, 1.0, 1.0)"
4e86068a-eb31-4762-b15f-c5c581192450,T2_REG.nii,"(180, 256, 256)","(1.0, 1.0, 1.0)"
5183c7e2-0735-4f38-b69d-ad6f2083cd45,5183c7_wmh_rater2.nii,"(176, 256, 256)","(1.0, 1.0, 1.0)"
5183c7e2-0735-4f38-b69d-ad6f2083cd45,5183c7_wmh_rater2v2.nii,"(176, 256, 256)","(1.0, 1.0, 1.0)"
5183c7e2-0735-4f38-b69d-ad6f2083cd45,FLAIR.nii,"(176, 256, 256)","(1.0, 1.0, 1.0)"
5183c7e2-0735-4f38-b69d-ad6f2083cd45,T2_REG.nii,"(176, 256, 256)","(1.0, 1.0, 1.0)"
5183c7e2-0735-4f38-b69d-ad6f2083cd45,T1_REG.nii,"(176, 256, 256)","(1.0, 1.0, 1.0)"
5a514c1c-44fc-46e4-8a7d-f58f1987d143,5a514c_wmh_rater1.nii,"(176, 256, 256)","(1.0, 1.0, 1.0)"
5a514c1c-44fc-46e4-8a7d-f58f1987d143,FLAIR.nii,"(176, 256, 256)","(1.0, 1.0, 1.0)"
5a514c1c-44fc-46e4-8a7d-f58f1987d143,T2_REG.nii,"(176, 256, 256)","(1.0, 1.0, 1.0)"
5a514c1c-44fc-46e4-8a7d-f58f1987d143,T1_REG.nii,"(176, 256, 256)","(1.0, 1.0, 1.0)"
5ba17ece-f8d2-4668-82df-77e143470395,T1.nii,"(180, 256, 256)","(1.0, 1.0, 1.0)"
5ba17ece-f8d2-4668-82df-77e143470395,FLAIR_REG.nii,"(180, 256, 256)","(1.0, 1.0, 1.0)"
5ba17ece-f8d2-4668-82df-77e143470395,T2_REG.nii,"(180, 256, 256)","(1.0, 1.0, 1.0)"
5ead94b6-7f91-48f4-982c-e7d8c2c9f845,FLAIR.nii,"(176, 256, 256)","(1.0, 1.0, 1.0)"
5ead94b6-7f91-48f4-982c-e7d8c2c9f845,T2_REG.nii,"(176, 256, 256)","(1.0, 1.0, 1.0)"
5ead94b6-7f91-48f4-982c-e7d8c2c9f845,T1_REG.nii,"(176, 256, 256)","(1.0, 1.0, 1.0)"
5ead94b6-7f91-48f4-982c-e7d8c2c9f845,5ead94_wmh_rater1.nii,"(176, 256, 256)","(1.0, 1.0, 1.0)"
5fab29c7-0dca-46e2-9eb0-d00527462e73,T1.nii,"(180, 256, 256)","(1.0, 1.0, 1.0)"
5fab29c7-0dca-46e2-9eb0-d00527462e73,FLAIR_REG.nii,"(180, 256, 256)","(1.0, 1.0, 1.0)"
5fab29c7-0dca-46e2-9eb0-d00527462e73,T2_REG.nii,"(180, 256, 256)","(1.0, 1.0, 1.0)"
5fc91118-5e6f-44a8-8e05-1d4810706395,5fc911_wmh_rater1.nii,"(176, 256, 256)","(1.0, 1.0, 1.0)"
5fc91118-5e6f-44a8-8e05-1d4810706395,FLAIR.nii,"(176, 256, 256)","(1.0, 1.0, 1.0)"
5fc91118-5e6f-44a8-8e05-1d4810706395,T2_REG.nii,"(176, 256, 256)","(1.0, 1.0, 1.0)"
5fc91118-5e6f-44a8-8e05-1d4810706395,T1_REG.nii,"(176, 256, 256)","(1.0, 1.0, 1.0)"
60838efa-f8b8-4e4f-ab97-5f5cdb2106b1,60838e_wmh_rater2v2.nii,"(176, 256, 256)","(1.0, 1.0, 1.0)"
60838efa-f8b8-4e4f-ab97-5f5cdb2106b1,60838e_wmh_rater2.nii,"(176, 256, 256)","(1.0, 1.0, 1.0)"
60838efa-f8b8-4e4f-ab97-5f5cdb2106b1,FLAIR.nii,"(176, 256, 256)","(1.0, 1.0, 1.0)"
60838efa-f8b8-4e4f-ab97-5f5cdb2106b1,T2_REG.nii,"(176, 256, 256)","(1.0, 1.0, 1.0)"
60838efa-f8b8-4e4f-ab97-5f5cdb2106b1,T1_REG.nii,"(176, 256, 256)","(1.0, 1.0, 1.0)"
68461623-2149-4e24-912d-178ba1626bf5,T1.nii,"(180, 256, 256)","(1.0, 1.0, 1.0)"
68461623-2149-4e24-912d-178ba1626bf5,FLAIR_REG.nii,"(180, 256, 256)","(1.0, 1.0, 1.0)"
68461623-2149-4e24-912d-178ba1626bf5,T2_REG.nii,"(180, 256, 256)","(1.0, 1.0, 1.0)"
69c2dddd-cd4a-4501-887a-f7d6899d91e3,FLAIR.nii,"(176, 256, 256)","(1.0, 1.0, 1.0)"
69c2dddd-cd4a-4501-887a-f7d6899d91e3,T2_REG.nii,"(176, 256, 256)","(1.0, 1.0, 1.0)"
69c2dddd-cd4a-4501-887a-f7d6899d91e3,T1_REG.nii,"(176, 256, 256)","(1.0, 1.0, 1.0)"
69c2dddd-cd4a-4501-887a-f7d6899d91e3,69c2dd_wmh_rater1.nii,"(176, 256, 256)","(1.0, 1.0, 1.0)"
6dfd4bb4-19b6-423f-ab03-ab38e32f3d95,T1.nii,"(180, 256, 256)","(1.0, 1.0, 1.0)"
6dfd4bb4-19b6-423f-ab03-ab38e32f3d95,FLAIR_REG.nii,"(180, 256, 256)","(1.0, 1.0, 1.0)"
6dfd4bb4-19b6-423f-ab03-ab38e32f3d95,T2_REG.nii,"(180, 256, 256)","(1.0, 1.0, 1.0)"
71b75ed7-4bf3-4ec1-9aac-dfee6e276eeb,71b75e_wmh_rater1.nii,"(176, 256, 256)","(1.0, 1.0, 1.0)"
71b75ed7-4bf3-4ec1-9aac-dfee6e276eeb,FLAIR.nii,"(176, 256, 256)","(1.0, 1.0, 1.0)"
71b75ed7-4bf3-4ec1-9aac-dfee6e276eeb,T2_REG.nii,"(176, 256, 256)","(1.0, 1.0, 1.0)"
71b75ed7-4bf3-4ec1-9aac-dfee6e276eeb,T1_REG.nii,"(176, 256, 256)","(1.0, 1.0, 1.0)"
72a6c37b-5386-4fbf-b2ac-4332634425b6,FLAIR.nii,"(176, 256, 256)","(1.0, 1.0, 1.0)"
72a6c37b-5386-4fbf-b2ac-4332634425b6,T2_REG.nii,"(176, 256, 256)","(1.0, 1.0, 1.0)"
72a6c37b-5386-4fbf-b2ac-4332634425b6,T1_REG.nii,"(176, 256, 256)","(1.0, 1.0, 1.0)"
72a6c37b-5386-4fbf-b2ac-4332634425b6,72a6c3_wmh_rater1.nii,"(176, 256, 256)","(1.0, 1.0, 1.0)"
7526565d-a094-4e9c-8e7c-9e108c0ed498,T1.nii,"(180, 256, 256)","(1.0, 1.0, 1.0)"
7526565d-a094-4e9c-8e7c-9e108c0ed498,FLAIR_REG.nii,"(180, 256, 256)","(1.0, 1.0, 1.0)"
7526565d-a094-4e9c-8e7c-9e108c0ed498,T2_REG.nii,"(180, 256, 256)","(1.0, 1.0, 1.0)"
790f3bed-e979-47d3-8c52-6ae84eb9a0ab,FLAIR.nii,"(176, 256, 256)","(1.0, 1.0, 1.0)"
790f3bed-e979-47d3-8c52-6ae84eb9a0ab,T2_REG.nii,"(176, 256, 256)","(1.0, 1.0, 1.0)"
790f3bed-e979-47d3-8c52-6ae84eb9a0ab,T1_REG.nii,"(176, 256, 256)","(1.0, 1.0, 1.0)"
790f3bed-e979-47d3-8c52-6ae84eb9a0ab,790f3b_wmh_rater1.nii,"(176, 256, 256)","(1.0, 1.0, 1.0)"
7f29307f-1d72-4aa1-a4d5-0c561167c67c,T1.nii,"(180, 256, 256)","(1.0, 1.0, 1.0)"
7f29307f-1d72-4aa1-a4d5-0c561167c67c,FLAIR_REG.nii,"(180, 256, 256)","(1.0, 1.0, 1.0)"
7f29307f-1d72-4aa1-a4d5-0c561167c67c,T2_REG.nii,"(180, 256, 256)","(1.0, 1.0, 1.0)"
82770dbc-425e-41a2-97c7-d6341139924b,FLAIR_REG.nii,"(180, 256, 256)","(1.0, 1.0, 1.0)"
82770dbc-425e-41a2-97c7-d6341139924b,T2.nii,"(180, 256, 256)","(1.0, 1.0, 1.0)"
82770dbc-425e-41a2-97c7-d6341139924b,T1_REG.nii,"(180, 256, 256)","(1.0, 1.0, 1.0)"
87fbd499-daa6-4d27-8650-d09a7f46ee59,T1.nii,"(180, 256, 256)","(1.0, 1.0, 1.0)"
87fbd499-daa6-4d27-8650-d09a7f46ee59,FLAIR_REG.nii,"(180, 256, 256)","(1.0, 1.0, 1.0)"
87fbd499-daa6-4d27-8650-d09a7f46ee59,T2_REG.nii,"(180, 256, 256)","(1.0, 1.0, 1.0)"
8947c016-6275-4c51-ace6-2a97df224dbd,8947c0_wmh_rater1.nii,"(176, 256, 256)","(1.0, 1.0, 1.0)"
8947c016-6275-4c51-ace6-2a97df224dbd,8947c0_wmh_rater1v2.nii,"(176, 256, 256)","(1.0, 1.0, 1.0)"
8947c016-6275-4c51-ace6-2a97df224dbd,FLAIR.nii,"(176, 256, 256)","(1.0, 1.0, 1.0)"
8947c016-6275-4c51-ace6-2a97df224dbd,T2_REG.nii,"(176, 256, 256)","(1.0, 1.0, 1.0)"
8947c016-6275-4c51-ace6-2a97df224dbd,T1_REG.nii,"(176, 256, 256)","(1.0, 1.0, 1.0)"
898e2c77-97fe-4c4b-8a41-96cfe1dc8605,898e2c_wmh_rater1.nii,"(176, 256, 256)","(1.0, 1.0, 1.0)"
898e2c77-97fe-4c4b-8a41-96cfe1dc8605,FLAIR.nii,"(176, 256, 256)","(1.0, 1.0, 1.0)"
898e2c77-97fe-4c4b-8a41-96cfe1dc8605,T2_REG.nii,"(176, 256, 256)","(1.0, 1.0, 1.0)"
898e2c77-97fe-4c4b-8a41-96cfe1dc8605,T1_REG.nii,"(176, 256, 256)","(1.0, 1.0, 1.0)"
898ea00f-0192-4833-8544-03a90cefdff6,FLAIR.nii,"(176, 256, 256)","(1.0, 1.0, 1.0)"
898ea00f-0192-4833-8544-03a90cefdff6,T2_REG.nii,"(176, 256, 256)","(1.0, 1.0, 1.0)"
898ea00f-0192-4833-8544-03a90cefdff6,T1_REG.nii,"(176, 256, 256)","(1.0, 1.0, 1.0)"
898ea00f-0192-4833-8544-03a90cefdff6,898ea0_wmh_rater2.nii,"(176, 256, 256)","(1.0, 1.0, 1.0)"
898ea00f-0192-4833-8544-03a90cefdff6,898ea0_wmh_rater2v2.nii,"(176, 256, 256)","(1.0, 1.0, 1.0)"
8ef29dbb-eeb8-4ff9-ba00-a61b9ce07cfc,FLAIR_REG.nii,"(180, 256, 256)","(1.0, 1.0, 1.0)"
8ef29dbb-eeb8-4ff9-ba00-a61b9ce07cfc,T2.nii,"(180, 256, 256)","(1.0, 1.0, 1.0)"
8ef29dbb-eeb8-4ff9-ba00-a61b9ce07cfc,T1_REG.nii,"(180, 256, 256)","(1.0, 1.0, 1.0)"
8f83eb8f-55cc-4932-90df-9c46919b4df2,T1.nii,"(180, 256, 256)","(1.0, 1.0, 1.0)"
8f83eb8f-55cc-4932-90df-9c46919b4df2,FLAIR_REG.nii,"(180, 256, 256)","(1.0, 1.0, 1.0)"
8f83eb8f-55cc-4932-90df-9c46919b4df2,T2_REG.nii,"(180, 256, 256)","(1.0, 1.0, 1.0)"
8fd53433-ac16-4d5a-947e-0a5917415482,FLAIR_REG.nii,"(180, 256, 256)","(1.0, 1.0, 1.0)"
8fd53433-ac16-4d5a-947e-0a5917415482,T2.nii,"(180, 256, 256)","(1.0, 1.0, 1.0)"
8fd53433-ac16-4d5a-947e-0a5917415482,T1_REG.nii,"(180, 256, 256)","(1.0, 1.0, 1.0)"
92d4961f-5a74-40ca-989c-35c294b0923b,FLAIR_REG.nii,"(180, 256, 256)","(1.0, 1.0, 1.0)"
92d4961f-5a74-40ca-989c-35c294b0923b,T2.nii,"(180, 256, 256)","(1.0, 1.0, 1.0)"
92d4961f-5a74-40ca-989c-35c294b0923b,T1_REG.nii,"(180, 256, 256)","(1.0, 1.0, 1.0)"
96398227-8399-47ac-9719-c3120ecd487f,963982_wmh_rater1.nii,"(176, 256, 256)","(1.0, 1.0, 1.0)"
96398227-8399-47ac-9719-c3120ecd487f,FLAIR.nii,"(176, 256, 256)","(1.0, 1.0, 1.0)"
96398227-8399-47ac-9719-c3120ecd487f,T2_REG.nii,"(176, 256, 256)","(1.0, 1.0, 1.0)"
96398227-8399-47ac-9719-c3120ecd487f,T1_REG.nii,"(176, 256, 256)","(1.0, 1.0, 1.0)"
99c28dbb-d5d8-490d-acc6-00077e22d746,99c28d_wmh_rater2v2.nii,"(176, 256, 256)","(1.0, 1.0, 1.0)"
99c28dbb-d5d8-490d-acc6-00077e22d746,99c28d_wmh_rater2.nii,"(176, 256, 256)","(1.0, 1.0, 1.0)"
99c28dbb-d5d8-490d-acc6-00077e22d746,FLAIR.nii,"(176, 256, 256)","(1.0, 1.0, 1.0)"
99c28dbb-d5d8-490d-acc6-00077e22d746,T2_REG.nii,"(176, 256, 256)","(1.0, 1.0, 1.0)"
99c28dbb-d5d8-490d-acc6-00077e22d746,T1_REG.nii,"(176, 256, 256)","(1.0, 1.0, 1.0)"
a4660d7b-5b86-43a7-9dfe-5cc5013cca9d,a4660d_wmh_rater2v2.nii,"(176, 256, 256)","(1.0, 1.0, 1.0)"
a4660d7b-5b86-43a7-9dfe-5cc5013cca9d,a4660d_wmh_rater2.nii,"(176, 256, 256)","(1.0, 1.0, 1.0)"
a4660d7b-5b86-43a7-9dfe-5cc5013cca9d,FLAIR.nii,"(176, 256, 256)","(1.0, 1.0, 1.0)"
a4660d7b-5b86-43a7-9dfe-5cc5013cca9d,T2_REG.nii,"(176, 256, 256)","(1.0, 1.0, 1.0)"
a4660d7b-5b86-43a7-9dfe-5cc5013cca9d,T1_REG.nii,"(176, 256, 256)","(1.0, 1.0, 1.0)"
a8b1df87-7643-4c25-b9b0-083e1c4a0250,a8b1df_wmh_rater1.nii,"(176, 256, 256)","(1.0, 1.0, 1.0)"
a8b1df87-7643-4c25-b9b0-083e1c4a0250,FLAIR.nii,"(176, 256, 256)","(1.0, 1.0, 1.0)"
a8b1df87-7643-4c25-b9b0-083e1c4a0250,T2_REG.nii,"(176, 256, 256)","(1.0, 1.0, 1.0)"
a8b1df87-7643-4c25-b9b0-083e1c4a0250,T1_REG.nii,"(176, 256, 256)","(1.0, 1.0, 1.0)"
a91c6c67-cb39-4c38-b1c2-337cb2613a59,a91c6c_wmh_rater2.nii,"(176, 256, 256)","(1.0, 1.0, 1.0)"
a91c6c67-cb39-4c38-b1c2-337cb2613a59,FLAIR.nii,"(176, 256, 256)","(1.0, 1.0, 1.0)"
a91c6c67-cb39-4c38-b1c2-337cb2613a59,T2_REG.nii,"(176, 256, 256)","(1.0, 1.0, 1.0)"
a91c6c67-cb39-4c38-b1c2-337cb2613a59,T1_REG.nii,"(176, 256, 256)","(1.0, 1.0, 1.0)"
a99a81c7-d8a3-4927-b509-b8d2b4d71d11,a99a81_wmh_rater1.nii,"(176, 256, 256)","(1.0, 1.0, 1.0)"
a99a81c7-d8a3-4927-b509-b8d2b4d71d11,FLAIR.nii,"(176, 256, 256)","(1.0, 1.0, 1.0)"
a99a81c7-d8a3-4927-b509-b8d2b4d71d11,T2_REG.nii,"(176, 256, 256)","(1.0, 1.0, 1.0)"
a99a81c7-d8a3-4927-b509-b8d2b4d71d11,T1_REG.nii,"(176, 256, 256)","(1.0, 1.0, 1.0)"
b1965da8-283c-42ef-be89-2ae677ddd862,b1965d_wmh_rater2v2.nii,"(176, 256, 256)","(1.0, 1.0, 1.0)"
b1965da8-283c-42ef-be89-2ae677ddd862,b1965d_wmh_rater2.nii,"(176, 256, 256)","(1.0, 1.0, 1.0)"
b1965da8-283c-42ef-be89-2ae677ddd862,FLAIR.nii,"(176, 256, 256)","(1.0, 1.0, 1.0)"
b1965da8-283c-42ef-be89-2ae677ddd862,T2_REG.nii,"(176, 256, 256)","(1.0, 1.0, 1.0)"
b1965da8-283c-42ef-be89-2ae677ddd862,T1_REG.nii,"(176, 256, 256)","(1.0, 1.0, 1.0)"
b584c179-d2fe-47a8-91e7-5b8269b3ff7f,T1.nii,"(180, 256, 256)","(1.0, 1.0, 1.0)"
b584c179-d2fe-47a8-91e7-5b8269b3ff7f,FLAIR_REG.nii,"(180, 256, 256)","(1.0, 1.0, 1.0)"
b584c179-d2fe-47a8-91e7-5b8269b3ff7f,T2_REG.nii,"(180, 256, 256)","(1.0, 1.0, 1.0)"
b7f554a2-f156-4957-a733-3e26adc2694d,b7f554_wmh_rater2.nii,"(176, 256, 256)","(1.0, 1.0, 1.0)"
b7f554a2-f156-4957-a733-3e26adc2694d,b7f554_wmh_rater2v2.nii,"(176, 256, 256)","(1.0, 1.0, 1.0)"
b7f554a2-f156-4957-a733-3e26adc2694d,FLAIR.nii,"(176, 256, 256)","(1.0, 1.0, 1.0)"
b7f554a2-f156-4957-a733-3e26adc2694d,T2_REG.nii,"(176, 256, 256)","(1.0, 1.0, 1.0)"
b7f554a2-f156-4957-a733-3e26adc2694d,T1_REG.nii,"(176, 256, 256)","(1.0, 1.0, 1.0)"
b922a354-08c6-4049-8329-18aeb14389bb,b922a3_wmh_rater1.nii,"(176, 256, 256)","(1.0, 1.0, 1.0)"
b922a354-08c6-4049-8329-18aeb14389bb,FLAIR.nii,"(176, 256, 256)","(1.0, 1.0, 1.0)"
b922a354-08c6-4049-8329-18aeb14389bb,T2_REG.nii,"(176, 256, 256)","(1.0, 1.0, 1.0)"
b922a354-08c6-4049-8329-18aeb14389bb,T1_REG.nii,"(176, 256, 256)","(1.0, 1.0, 1.0)"
bb298e40-98c7-4556-b62d-664dbd610624,bb298e_wmh_rater1.nii,"(176, 256, 256)","(1.0, 1.0, 1.0)"
bb298e40-98c7-4556-b62d-664dbd610624,FLAIR.nii,"(176, 256, 256)","(1.0, 1.0, 1.0)"
bb298e40-98c7-4556-b62d-664dbd610624,T2_REG.nii,"(176, 256, 256)","(1.0, 1.0, 1.0)"
bb298e40-98c7-4556-b62d-664dbd610624,T1_REG.nii,"(176, 256, 256)","(1.0, 1.0, 1.0)"
c2803181-19f0-4e63-b24c-c32dc0132860,c28031_wmh_rater2.nii,"(176, 256, 256)","(1.0, 1.0, 1.0)"
c2803181-19f0-4e63-b24c-c32dc0132860,c28031_wmh_rater2v2.nii,"(176, 256, 256)","(1.0, 1.0, 1.0)"
c2803181-19f0-4e63-b24c-c32dc0132860,FLAIR.nii,"(176, 256, 256)","(1.0, 1.0, 1.0)"
c2803181-19f0-4e63-b24c-c32dc0132860,T2_REG.nii,"(176, 256, 256)","(1.0, 1.0, 1.0)"
c2803181-19f0-4e63-b24c-c32dc0132860,T1_REG.nii,"(176, 256, 256)","(1.0, 1.0, 1.0)"
c3252603-8bbe-4d2b-8b47-2b5f1dbb14a9,T1.nii,"(180, 256, 256)","(1.0, 1.0, 1.0)"
c3252603-8bbe-4d2b-8b47-2b5f1dbb14a9,FLAIR_REG.nii,"(180, 256, 256)","(1.0, 1.0, 1.0)"
c3252603-8bbe-4d2b-8b47-2b5f1dbb14a9,T2_REG.nii,"(180, 256, 256)","(1.0, 1.0, 1.0)"
c5459d1e-9fbb-45b6-9ae3-c541aded8773,c5459d_wmh_rater1.nii,"(176, 256, 256)","(1.0, 1.0, 1.0)"
c5459d1e-9fbb-45b6-9ae3-c541aded8773,FLAIR.nii,"(176, 256, 256)","(1.0, 1.0, 1.0)"
c5459d1e-9fbb-45b6-9ae3-c541aded8773,T2_REG.nii,"(176, 256, 256)","(1.0, 1.0, 1.0)"
c5459d1e-9fbb-45b6-9ae3-c541aded8773,T1_REG.nii,"(176, 256, 256)","(1.0, 1.0, 1.0)"
c555a6a6-ecdc-4d01-9dd5-64ef9b46c1bd,c555a6_wmh_rater1.nii,"(176, 256, 256)","(1.0, 1.0, 1.0)"
c555a6a6-ecdc-4d01-9dd5-64ef9b46c1bd,FLAIR.nii,"(176, 256, 256)","(1.0, 1.0, 1.0)"
c555a6a6-ecdc-4d01-9dd5-64ef9b46c1bd,T2_REG.nii,"(176, 256, 256)","(1.0, 1.0, 1.0)"
c555a6a6-ecdc-4d01-9dd5-64ef9b46c1bd,T1_REG.nii,"(176, 256, 256)","(1.0, 1.0, 1.0)"
c5b54ab0-06ec-44c5-b200-25cba112b005,T1.nii,"(180, 256, 256)","(1.0, 1.0, 1.0)"
c5b54ab0-06ec-44c5-b200-25cba112b005,FLAIR_REG.nii,"(180, 256, 256)","(1.0, 1.0, 1.0)"
c5b54ab0-06ec-44c5-b200-25cba112b005,T2_REG.nii,"(180, 256, 256)","(1.0, 1.0, 1.0)"
c83fb28f-81ad-4cd0-8fc9-95f268616a69,c83fb2_wmh_rater2.nii,"(176, 256, 256)","(1.0, 1.0, 1.0)"
c83fb28f-81ad-4cd0-8fc9-95f268616a69,FLAIR.nii,"(176, 256, 256)","(1.0, 1.0, 1.0)"
c83fb28f-81ad-4cd0-8fc9-95f268616a69,c83fb2_wmh_rater2v2.nii,"(176, 256, 256)","(1.0, 1.0, 1.0)"
c83fb28f-81ad-4cd0-8fc9-95f268616a69,T2_REG.nii,"(176, 256, 256)","(1.0, 1.0, 1.0)"
c83fb28f-81ad-4cd0-8fc9-95f268616a69,T1_REG.nii,"(176, 256, 256)","(1.0, 1.0, 1.0)"
c8b4f68c-1735-4e6c-8796-c0175514806d,c8b4f6_wmh_rater1.nii,"(176, 256, 256)","(1.0, 1.0, 1.0)"
c8b4f68c-1735-4e6c-8796-c0175514806d,FLAIR.nii,"(176, 256, 256)","(1.0, 1.0, 1.0)"
c8b4f68c-1735-4e6c-8796-c0175514806d,T2_REG.nii,"(176, 256, 256)","(1.0, 1.0, 1.0)"
c8b4f68c-1735-4e6c-8796-c0175514806d,T1_REG.nii,"(176, 256, 256)","(1.0, 1.0, 1.0)"
ced55f2d-8df4-4c26-b808-828ed3e3cf16,ced55f_wmh_rater1.nii,"(176, 256, 256)","(1.0, 1.0, 1.0)"
ced55f2d-8df4-4c26-b808-828ed3e3cf16,FLAIR.nii,"(176, 256, 256)","(1.0, 1.0, 1.0)"
ced55f2d-8df4-4c26-b808-828ed3e3cf16,T2_REG.nii,"(176, 256, 256)","(1.0, 1.0, 1.0)"
ced55f2d-8df4-4c26-b808-828ed3e3cf16,T1_REG.nii,"(176, 256, 256)","(1.0, 1.0, 1.0)"
d0055b91-608a-4291-989b-3262c049755b,T1.nii,"(180, 256, 256)","(1.0, 1.0, 1.0)"
d0055b91-608a-4291-989b-3262c049755b,FLAIR_REG.nii,"(180, 256, 256)","(1.0, 1.0, 1.0)"
d0055b91-608a-4291-989b-3262c049755b,T2_REG.nii,"(180, 256, 256)","(1.0, 1.0, 1.0)"
d242b2b4-42d6-426e-a704-447cb86f9d87,T1.nii,"(180, 256, 256)","(1.0, 1.0, 1.0)"
d242b2b4-42d6-426e-a704-447cb86f9d87,FLAIR_REG.nii,"(180, 256, 256)","(1.0, 1.0, 1.0)"
d242b2b4-42d6-426e-a704-447cb86f9d87,T2_REG.nii,"(180, 256, 256)","(1.0, 1.0, 1.0)"
e50e7413-f4d8-430d-8bef-e3d498c90987,e50e74_wmh_rater2.nii,"(176, 256, 256)","(1.0, 1.0, 1.0)"
e50e7413-f4d8-430d-8bef-e3d498c90987,e50e74_wmh_rater2v2.nii,"(176, 256, 256)","(1.0, 1.0, 1.0)"
e50e7413-f4d8-430d-8bef-e3d498c90987,FLAIR.nii,"(176, 256, 256)","(1.0, 1.0, 1.0)"
e50e7413-f4d8-430d-8bef-e3d498c90987,T2_REG.nii,"(176, 256, 256)","(1.0, 1.0, 1.0)"
e50e7413-f4d8-430d-8bef-e3d498c90987,T1_REG.nii,"(176, 256, 256)","(1.0, 1.0, 1.0)"
e8c89892-6639-439f-adbf-74fc44895761,FLAIR.nii,"(176, 256, 256)","(1.0, 1.0, 1.0)"
e8c89892-6639-439f-adbf-74fc44895761,e8c898_wmh_rater1.nii,"(176, 256, 256)","(1.0, 1.0, 1.0)"
e8c89892-6639-439f-adbf-74fc44895761,T2_REG.nii,"(176, 256, 256)","(1.0, 1.0, 1.0)"
e8c89892-6639-439f-adbf-74fc44895761,T1_REG.nii,"(176, 256, 256)","(1.0, 1.0, 1.0)"
f06bf7cc-95ac-4938-ad67-ef593fc246b4,T1.nii,"(180, 256, 256)","(1.0, 1.0, 1.0)"
f06bf7cc-95ac-4938-ad67-ef593fc246b4,FLAIR_REG.nii,"(180, 256, 256)","(1.0, 1.0, 1.0)"
f06bf7cc-95ac-4938-ad67-ef593fc246b4,T2_REG.nii,"(180, 256, 256)","(1.0, 1.0, 1.0)"
f0d4e972-5e80-43e5-b27d-9d8325064a82,FLAIR.nii,"(176, 256, 256)","(1.0, 1.0, 1.0)"
f0d4e972-5e80-43e5-b27d-9d8325064a82,T2_REG.nii,"(176, 256, 256)","(1.0, 1.0, 1.0)"
f0d4e972-5e80-43e5-b27d-9d8325064a82,T1_REG.nii,"(176, 256, 256)","(1.0, 1.0, 1.0)"
f0d4e972-5e80-43e5-b27d-9d8325064a82,f0d4e9_wmh_rater1.nii,"(176, 256, 256)","(1.0, 1.0, 1.0)"
f56812e5-1749-4136-8ba0-f1f027cc78ed,f56812_wmh_rater1.nii,"(176, 256, 256)","(1.0, 1.0, 1.0)"
f56812e5-1749-4136-8ba0-f1f027cc78ed,FLAIR.nii,"(176, 256, 256)","(1.0, 1.0, 1.0)"
f56812e5-1749-4136-8ba0-f1f027cc78ed,T2_REG.nii,"(176, 256, 256)","(1.0, 1.0, 1.0)"
f56812e5-1749-4136-8ba0-f1f027cc78ed,T1_REG.nii,"(176, 256, 256)","(1.0, 1.0, 1.0)"
fcb4f3bd-2c96-48fb-a72b-5ca4b5d9c0b5,fcb4f3_wmh_rater2.nii,"(176, 256, 256)","(1.0, 1.0, 1.0)"
fcb4f3bd-2c96-48fb-a72b-5ca4b5d9c0b5,fcb4f3_wmh_rater2v2.nii,"(176, 256, 256)","(1.0, 1.0, 1.0)"
fcb4f3bd-2c96-48fb-a72b-5ca4b5d9c0b5,FLAIR.nii,"(176, 256, 256)","(1.0, 1.0, 1.0)"
fcb4f3bd-2c96-48fb-a72b-5ca4b5d9c0b5,T2_REG.nii,"(176, 256, 256)","(1.0, 1.0, 1.0)"
fcb4f3bd-2c96-48fb-a72b-5ca4b5d9c0b5,T1_REG.nii,"(176, 256, 256)","(1.0, 1.0, 1.0)"
